PK_CALENDARIO,datekey,invoice_date
00cd5857b4ebe7dee9da3ada6fde99a12b7e405a269414377ac57554ae6a5768,2018-09-28 00:00:00,2018-09-30 00:00:00
010ddc76d3994fc5a9fd8e0a5e40a2533dde380a08e251abd7bb42c023b9d184,2017-08-30 00:00:00,2017-09-01 00:00:00
013c0b9a408d4bee2523ba3e1c18501f91d1691ed92fc0d650422bb62193c8c0,2017-03-29 00:00:00,2017-03-31 00:00:00
017551e0997398e95d4706aaed61f9d99b40a500b3cd8d58ddfec52941247a95,2019-03-11 00:00:00,2019-03-14 00:00:00
01d37282c422c93fbf2581416ed474db182b11e454a905866fca27eccf2c308d,2018-05-07 00:00:00,2018-05-09 00:00:00
01f75340b66dfa32b6e368e99d46a65b7b1b816eacaa19e5785e115c915bc149,2018-02-06 00:00:00,2018-02-08 00:00:00
02c35cc1c1187a93c41c648d6175d79e5eb07158cdc70e9d211ef4940fe6f254,2017-07-06 00:00:00,2017-07-08 00:00:00
037c6eaa11eececd98024ee27ce34c070cd36b2bb32a53a21e07681d27206ce4,2017-04-05 00:00:00,2017-04-07 00:00:00
03942d6018ec970cb03e6b912e15381afa8fd627e6732dd6500e68ccc94de697,2017-10-24 00:00:00,2017-10-26 00:00:00
0401c5c00ab20489c4c1f45fda3a06cc880b4da5c40135aef3c0a94980d19a30,2017-10-11 00:00:00,2017-10-13 00:00:00
046fbaab92d32945d56ad3530daf6a81426d4407793ad93f2f81e909e581ed46,2017-10-16 00:00:00,2017-10-18 00:00:00
04fa2fa5db06cd4b8648f3e39126e1ae25168b1e74ab5626429866ebfd39469f,2017-03-24 00:00:00,2017-03-26 00:00:00
054a3cf2a28064a114c35ee9a161a6e32b39db7527a2e11862475256e6e867bb,2018-12-20 00:00:00,2018-12-22 00:00:00
0591d1ff359348424c28b74e013609cd12d1bcceb324699d6f09f5d61b7894ca,2019-03-15 00:00:00,2019-03-18 00:00:00
05ab64c0f2ee9b51753fb8d5ac91a7600df8de8ff9f544da6137859888496c8d,2017-05-16 00:00:00,2017-05-18 00:00:00
07eb6bea3ae51be70e0bc58c7d53ca72d5641b7820354f94d98141123ecbe365,2018-06-03 00:00:00,2018-06-05 00:00:00
081ae9ec74d979434a488df5fb31f14ad432e97b829cd5f9e54f1430c033ac28,2017-06-28 00:00:00,2017-06-30 00:00:00
083b039869b51ceb5d0cbcabc4d795247e82c739ef291a9b27e946a3da200026,2018-08-23 00:00:00,2018-08-25 00:00:00
088ff6cf1d88c0584561655ee551062f6ab7149cbfa38a57dca0dd518b309d4c,2017-09-01 00:00:00,2017-09-03 00:00:00
08b332c0643b5f49d847c236ac9c06ba1a6b1c1d69f6291fca4cda55eb8837fa,2018-05-04 00:00:00,2018-05-06 00:00:00
0966ef36d2af1653681587aac6d92d5a4275c63f8f9495c37171984eeb686219,2017-06-21 00:00:00,2017-06-23 00:00:00
09d99616b40e5e4a17d2a4001303aaaa91953a8dd51fec7bc7d95f371ace6ea8,2017-04-21 00:00:00,2017-04-23 00:00:00
09fe95e0a825f500be477c3a92d81a76a410ad734842504860dea5482bbd3c34,2019-02-25 00:00:00,2019-02-27 00:00:00
0a3df68dbb4fd12fe145d7ca9cee4cb535a8112b17270c36b8ac3206eea988f3,2018-11-23 00:00:00,2018-11-25 00:00:00
0a783de278a835d4173b62cfb53fe95ccdd819ad05e595a5ef5a1a8ccf1531b6,2017-12-01 00:00:00,2017-12-03 00:00:00
0a9f2307f623baf8e7c4ac5803a35909068688e18718db9ca665d6a571183d7a,2017-11-24 00:00:00,2017-11-26 00:00:00
0ae6be31c48a399839130c1a4081a6445a177d9820f0aa68c7634567fb0c105b,2018-05-21 00:00:00,2018-05-23 00:00:00
0b3812c837c8ed203fae61eb1abf7a4ea7f6dcd44431bd313c1a71fba748711e,2018-06-23 00:00:00,2018-06-25 00:00:00
0b8176a3e2d6c98470d1e4a72803a7793528fb9db88cec8523f39d78c107d8db,2018-02-05 00:00:00,2018-02-07 00:00:00
0b9eef2914f981ecd7dd43e1852679db19e8db453476ad9a42418da290ff513e,2017-02-01 00:00:00,2017-02-04 00:00:00
0c7f8b3963d16186a5c1b210ca6e241e3f5d407200efb1d97d751821bd44c704,2017-05-23 00:00:00,2017-05-25 00:00:00
0cae23d7f72c70ce226247c4f7fe9c3ba534686edfbee2e0121007545a534999,2018-08-31 00:00:00,2018-09-02 00:00:00
0d4dadb89644edeb8136c40213bf9a5a8b8e9abddef99bb341c8cb506c3428ac,2019-03-18 00:00:00,2019-03-21 00:00:00
0d59372d6396f198adc7a608e23ce12579121deb2c21f44f2cc817dfd05c9a40,2018-11-30 00:00:00,2018-12-02 00:00:00
0d855bc152d3c70d7afb0a4d48c53aa15dc1694b4ff3327132e93b1733efcf95,2018-09-09 00:00:00,2018-09-11 00:00:00
0e047e66e1842b07aeee8213eaf601d2da3fbdc8afa1e6ec8c61840ce3bcabf4,2017-04-18 00:00:00,2017-04-20 00:00:00
0eb54488560f056d7544a5fd6732f4beae2404bbbc35dfd9ada83c502f08e5f7,2017-02-12 00:00:00,2017-02-15 00:00:00
0f05c82fd5861164e6081378fb01da1892d770b4c2aa705925c50dde0a906642,2018-04-26 00:00:00,2018-04-28 00:00:00
0fbdf6de7ca60d14f7d50d5635e4a597fb6fa92cb37bd6bc529588a944ce20cd,2019-01-01 00:00:00,2019-01-03 00:00:00
0fe6802b8134fd2b5cf04d4bc1ce4ab9915f48750f2f023a0768b6ea5f56688c,2018-09-29 00:00:00,2018-10-01 00:00:00
0fffb1edb15f15cd7821de3b5f4541a9ec9281a648da8f37dfece74857b9c17e,2017-10-20 00:00:00,2017-10-22 00:00:00
1016bdcabd593d5a4620471886151fdf0aebcec90127a54f0c8119b33e8ea1f1,2018-01-15 00:00:00,2018-01-17 00:00:00
101734f4602a35685efb10da412177cae716d1749321b5b6b60beebc5fbd5866,2017-09-12 00:00:00,2017-09-14 00:00:00
1063e62e16fcb8c474582d066acf740f1c576da9851cc72e6def83b69f81638c,2017-11-13 00:00:00,2017-11-15 00:00:00
10662bac54995579657f85bbe69f819b9d9a76d0f330c10c96d896cc919daeec,2018-08-18 00:00:00,2018-08-20 00:00:00
10b57b83e38e1decbc5cafb19912638b5232828bc6a39d262e018046c3990600,2017-08-14 00:00:00,2017-08-16 00:00:00
10ca4d1447e256025934cb3d6dd382fe2993de98a68bca0c3cb5886f47cb3ba7,2017-05-22 00:00:00,2017-05-24 00:00:00
10cbe6fdf77d65a8b9bef987562a20f79a3663a29dde780709049cfff058639d,2017-11-02 00:00:00,2017-11-04 00:00:00
117c9c68dc758e32a50322bed8e36bba78a6f20d6f330bd3fd91789e62a15178,2017-06-09 00:00:00,2017-06-11 00:00:00
12982ed07443c37a2bef636ec1a1f113f6bedaa2b450ec370d520192fb404f40,2017-02-19 00:00:00,2017-02-22 00:00:00
13219f2d2bf65320984360986ecc603e1b1b655f7dbc769ae872038ec4ecf582,2019-03-03 00:00:00,2019-03-06 00:00:00
1395e3bb72071565f5026977018d06a581ed95fe41803b4378b7b43a2a017779,2017-03-30 00:00:00,2017-04-01 00:00:00
13d165598300b514d084bcfa13621aeac6a262c1c21f5ca8a84b4b5be7bd87a7,2018-05-20 00:00:00,2018-05-22 00:00:00
1518c919c406e27e399e54b191554c28ce228b579a6314d55607aa58d374558e,2018-09-27 00:00:00,2018-09-29 00:00:00
151c658a8be528143b20e4b49cda1d7bd2978832bc0163370148b1fef50176d1,2018-08-12 00:00:00,2018-08-14 00:00:00
15623d43e57b212d30d0f94b73129e9a09facc155bb09a0cf5b7c6105a27517f,2018-06-25 00:00:00,2018-06-27 00:00:00
1657c6291e2e1c675964aea50ac7d2133e1afe1c7c3cc80f502611065c955758,2017-02-05 00:00:00,2017-02-08 00:00:00
16c1ebdf3538ee864a3eeb6f8c135590cf3baa94be836965e5becd7018b772d2,2017-06-22 00:00:00,2017-06-24 00:00:00
170c938b98a9bf23a3eee1ee66e44a22279bcf923ea76a6fba6ca86bf71a1c23,2019-02-08 00:00:00,2019-02-10 00:00:00
17827c7a5057718be5763da33a474f78785bf46f6ed4dd8c7d4a1ecaed1da9e4,2018-04-16 00:00:00,2018-04-18 00:00:00
17e26fbaabe04b4181a2f1c51818209069cb6db65030072c8cc0ceb9102a959c,2017-07-31 00:00:00,2017-08-02 00:00:00
180d50e2835c2850568717f3b43a68ffe9ab22b33937c6e2d9b622dea25756c7,2017-01-09 00:00:00,2017-01-12 00:00:00
1816c36079d4ec0010b30e18a578532c582a74c703ae56c6c4578a9e10d91ba6,2018-07-05 00:00:00,2018-07-07 00:00:00
182c942dc64813788e6c1cc2bac4989a467a101959dd36e8997103cee44b8234,2018-10-14 00:00:00,2018-10-16 00:00:00
1892fc93c07727950488865d06cc2b4cf83b0d843895f36fcc9a2c7bfe8ba822,2017-10-26 00:00:00,2017-10-28 00:00:00
18bdabaf9f603f7c88982223840aa8870d491495d9ca2238995a9ed43378bb98,2018-08-09 00:00:00,2018-08-11 00:00:00
18d8103eca10d9ae70dd59b50f9a6d931ddbb01c3598ffc4f710e31419f6e59d,2018-12-22 00:00:00,2018-12-24 00:00:00
18dea196635dcbaa5e31f8246db7ce26ae0ccd57f6fe5ecdb402cd31919c6357,2017-07-10 00:00:00,2017-07-12 00:00:00
198463f88a6ab0dcbc5f2983a6c80ff5a1eba579254438e2a07d977e146d4589,2018-01-12 00:00:00,2018-01-14 00:00:00
1b3a2e95632f74071d2dec90bf6096affcf54017c703a3df05b5df9e4994b727,2018-04-21 00:00:00,2018-04-23 00:00:00
1b42cdb57da4aeda1f070fa321859ad56c93409ce6dfdf3f85c99021a89bdc55,2018-10-20 00:00:00,2018-10-22 00:00:00
1b52a002b559bea6a9f3dd58fd44a5a4006f477d4accc4892fc16fdbd455dd49,2018-01-21 00:00:00,2018-01-23 00:00:00
1b77bdc96ea70f89886e1c83829314426c1a9c6bb816d6ba56a3face93a494e3,2017-08-02 00:00:00,2017-08-04 00:00:00
1ba397d244f0c0b8e805c968fc7ff85400838dc0f63b5cab89071048953d30c3,2018-09-06 00:00:00,2018-09-08 00:00:00
1ce6e23ee4b1966f5fd007731b06bc9d5572403d91a4b7a9d779317e091b4e7a,2018-10-26 00:00:00,2018-10-28 00:00:00
1cf8465eaea6a9bedb951f79a6ac865ec05daa6e3d7dee4c929d47c1bc568860,2017-11-30 00:00:00,2017-12-02 00:00:00
1dd213e4540cb36ba4248c10d3b7c999b06a5f35a5d27e57db0b2df3321f8390,2017-02-13 00:00:00,2017-02-16 00:00:00
1ddc70bc0a95342dbd01789af7cf85907690a6ad7dc51c7405ffd39954b9c9ba,2018-02-20 00:00:00,2018-02-22 00:00:00
1ed08c293b1af1923b7c7f3872758ac1b229a72316cbe1b3ad9df219b599937a,2017-08-10 00:00:00,2017-08-12 00:00:00
1f353c7d0d5bd45838def2d2345ac6b4a6cf0903329ea94447d4e1e06ea1fa50,2018-12-02 00:00:00,2018-12-04 00:00:00
1fdffee34a73ce3ea1d163e24d46e9bc1bef7fcd485416451ee80972e248ceb2,2017-12-29 00:00:00,2017-12-31 00:00:00
210337db60292e4ddc8a4b1be89b015f01a841e396040c626c435e9b30366115,2017-03-14 00:00:00,2017-03-16 00:00:00
21a95ff1f27c7950bb3972fefefffd364a6a4ebef421fde108e90c948b1874b2,2017-05-12 00:00:00,2017-05-14 00:00:00
22605565cc45d2f67a32bc0b69213f928b3acc7bf15a3f642c5d4c9583a1746a,2018-07-12 00:00:00,2018-07-14 00:00:00
227a127dd397ad21b904cee8f2787fe3ea099cb35e742a3494c6c7ea78a64131,2017-09-05 00:00:00,2017-09-07 00:00:00
2384b5f669512cc64398a49157c5aad9eb82bfdcc3453268c34f099c3696a3e2,2017-08-31 00:00:00,2017-09-02 00:00:00
24bfd95fb9adb272e72b7ffc8c762d2116843d77137a9d8dcd8ef901868f242a,2017-09-06 00:00:00,2017-09-08 00:00:00
25309514d937cf2c2dcd578b22d4396d9bf3333f09e316ff1baac8ea51238cdb,2017-04-07 00:00:00,2017-04-09 00:00:00
254661f4d82a9c809624a587f352f70bbf73b65da4025bfdd434d1b1a3350acf,2017-02-22 00:00:00,2017-02-25 00:00:00
2547b9e7e6637c16bdb70db275fe2978b493709a2f30d3ee90a7f92446b77778,2018-08-27 00:00:00,2018-08-29 00:00:00
25a7afbf0fd3fd6157ce6d6efc2e5ad297cf915025bfa4dd7347c2687cf87c69,2018-06-26 00:00:00,2018-06-28 00:00:00
2650d859054c5c51141f56f63af0f3cea8b117004ea9d72bdf96c01893ced789,2018-06-01 00:00:00,2018-06-03 00:00:00
269b85cb85a3294e926b45812c34bb9a833b8d7b72174202021eae68c4734cb8,2018-09-20 00:00:00,2018-09-22 00:00:00
26b63346fe015f8bb74e56d2a2eaea004e8d14b74b59128a7fb8061e21a9df15,2018-05-05 00:00:00,2018-05-07 00:00:00
27a913818afb2d4eeadeeed69d0c83a940ef05e37b843fd196b6c1d59a087203,2017-01-22 00:00:00,2017-01-25 00:00:00
27d647fd3add2f9a69955a32d91e717ebb07d2b628c2fbf2900cac234dfb134b,2018-07-07 00:00:00,2018-07-09 00:00:00
280aa542c6a08e14fefd04c8dc3ef9cfe7dfb9381457e9319d75b1e6e38ae652,2019-01-29 00:00:00,2019-01-31 00:00:00
288958cb0b0b01283ab268272309e136be1fde0b15b03b22cd1fd6af02b83138,2018-02-09 00:00:00,2018-02-11 00:00:00
2913bc7bdd6e29d214083f391c02ea749e0ede63e8a54b519c6d6a3bc9ec1ebe,2017-05-03 00:00:00,2017-05-05 00:00:00
291c2ee33c835879ad792fbdcb054067e6629ec6e623dee39e79c9eb0c8191a6,2018-04-29 00:00:00,2018-05-01 00:00:00
2b065a62741bed910092d3776b54727fbf3d796e7176c5aa739436602286394f,2017-05-08 00:00:00,2017-05-10 00:00:00
2b8115e668ce708111b618bb074483df38a1822b812f273e250e00bb87886769,2018-02-26 00:00:00,2018-02-28 00:00:00
2bb36febd0aa95d628cf00061b954ea38aa3409d5a42d4dde2627d668cb2b354,2019-01-12 00:00:00,2019-01-14 00:00:00
2bd2c9b7a3e180a4b6b0859b240a55fee7452912fe6562815539676fd909d3fc,2018-04-08 00:00:00,2018-04-10 00:00:00
2c19cb23131783b60703fa281dab444cdee6e6e3205895b61996231d8f03c319,2019-02-24 00:00:00,2019-02-26 00:00:00
2c46227f05157f3bc2046b79695771052ef18bd62f9d30bfb6772b5bafc46d9f,2019-03-09 00:00:00,2019-03-12 00:00:00
2cb2059742137062ce1733acec1da97d75652d7134083b54196789ec18cd927f,2018-10-13 00:00:00,2018-10-15 00:00:00
2cbd7dfbe8ef41d098642f68d4c94ac892ae303a885fbff8d18a067a56f10ce6,2018-08-20 00:00:00,2018-08-22 00:00:00
2d6677bfb94e73e0a8be173af93d0e529e1ab017b12289a9da400d3020f3d137,2017-02-20 00:00:00,2017-02-23 00:00:00
2d73e8361b8f7989944f3fea7ab7a159d283acf3eedf2ed335ccfe467d3c6918,2017-09-14 00:00:00,2017-09-16 00:00:00
2e0330175af957ee5a11552ffd7cdf33eebf5a077f8a5d596390517a0a0b7259,2018-04-30 00:00:00,2018-05-02 00:00:00
2f359f14b4ae3d0816acb48adc3342cf6742d703ab1de5d6887c2347a65721c3,2018-03-05 00:00:00,2018-03-07 00:00:00
305ebc10c5aa6bac27b6a76847a9cc994fc2069ddf52e0b511b1231d478b6fbd,2018-09-23 00:00:00,2018-09-25 00:00:00
309e5a454dccfca1ed84dffc2a82f3f6a208e743579cf308577120c9da9f1555,2019-02-12 00:00:00,2019-02-14 00:00:00
312dae4bb348d7aebd297623f57892448ae11658ab2c4aabb7e7534f3bb04f03,2018-06-21 00:00:00,2018-06-23 00:00:00
313ec331f03bce9120fd62156f9bb4095e31842eeabfbd8ef436769b202c6c17,2017-12-11 00:00:00,2017-12-13 00:00:00
31720ec47a7e71ffc7fd0c858e6c11b9f168cc6e86cf0913817277f9cc193187,2017-10-05 00:00:00,2017-10-07 00:00:00
3181758bc1705ef69091c660be925ea2d0ad782b17863d44baaefc3bad94363b,2018-04-27 00:00:00,2018-04-29 00:00:00
320f5def579ce30fea8ec2397360939c2c55501fa5e0deddc9e5f6625531fb36,2019-01-21 00:00:00,2019-01-23 00:00:00
32724cb39868e84a1a0ebe91d1a5bc8f11fc05d8c5d1ba917606b226511db18d,2017-02-02 00:00:00,2017-02-05 00:00:00
32990f0970e9617f09edaa8fe5fa85d416464e6bcfda26bd6391f01bfe7733b8,2018-03-19 00:00:00,2018-03-21 00:00:00
33c59d73a87f1cc6ba5b6140a434da8aa91acd1b1fc5459e78cd717686d82317,2018-12-21 00:00:00,2018-12-23 00:00:00
35a233559e0c5a1b652133609ef263137ff71531cc03002d692db9556db39145,2017-09-21 00:00:00,2017-09-23 00:00:00
36b5fd0eb9efd3bed1dd97a05a0777ad5d6c0c3414757ee9fc47f81e2ca71111,2018-03-09 00:00:00,2018-03-11 00:00:00
37ae6ed8f61bcdea00727307bc4a656a68666ffba5548227a531f27b77338224,2017-06-27 00:00:00,2017-06-29 00:00:00
38a768a0740cffc345f6e88bbf8f40ace968d82497c786bd4bd85da1639e7be9,2017-11-07 00:00:00,2017-11-09 00:00:00
38edfc5e58c9ec3f78b1bdc885709460e6c5facc3e09a02f793baac101dd39be,2018-07-06 00:00:00,2018-07-08 00:00:00
395a221899324ca55e9bb196bcfbebb1fcae13d5e80650f2870512bcececb06c,2018-10-25 00:00:00,2018-10-27 00:00:00
39a7a71bf2bd258a1b0da1147cb24b80fca3372d6fcc03831ecb13b9a7629aea,2018-07-29 00:00:00,2018-07-31 00:00:00
3a024478ff7de5d86002c2312a364cdf28e551e617982dea56588b14840a7093,2017-04-26 00:00:00,2017-04-28 00:00:00
3a52d889a680563fd2827fe9a1f7cad6835c95b9aff557aa09f2fd1479dfc4ca,2017-11-06 00:00:00,2017-11-08 00:00:00
3c37af32e515faaa9395dbbd9db63aabf1da4943ee8c5bf42ea7369fada82a14,2018-03-31 00:00:00,2018-04-02 00:00:00
3c5ba2de629029f463a9f01ed0dbeef57eff60c1568b1ebdf087eb19d6c66bf5,2017-01-30 00:00:00,2017-02-02 00:00:00
3ce513c50fffc3204869e2399e0fb1decdbd6bd35b3fd452f93268449509b6f1,2018-11-17 00:00:00,2018-11-19 00:00:00
3e2143981f031135037fb72ed067620a07eba66c4b926ff604562e784648a903,2018-04-22 00:00:00,2018-04-24 00:00:00
3eaa90470c958e20e8fbc3568c804bfe3ebc5000dd6cef9fee9f829c2c1742e6,2017-04-04 00:00:00,2017-04-06 00:00:00
3f0446d2b2319de4768d6e5f51458dd0b3f87be055141d883787d659576fefe9,2019-02-26 00:00:00,2019-02-28 00:00:00
3f0fe8395ac882714ffd1379cdb88ce268f7c5ae4762395451f070e03ce50fd1,2019-01-27 00:00:00,2019-01-29 00:00:00
41fb95830478ff539979e9913e19858da14a235b83e4f4ce2732656f902f77d8,2017-09-13 00:00:00,2017-09-15 00:00:00
430d5625a8fa8a388024dcbc83798518ac15c6b5741affb6887ca4d89d751a64,2018-02-13 00:00:00,2018-02-15 00:00:00
433dff7d7dc4a3a4216408af0a9ddad92f7c1c048121b29fcf84e9c0dcd49878,2018-07-19 00:00:00,2018-07-21 00:00:00
4427ebacc52bcd1b7b2d5454e11d13015103ee9f1e4f5840e115e1c06a6452f5,2017-11-15 00:00:00,2017-11-17 00:00:00
443897e49982927fa6b45170b6118b99aebdc87e09252dcac73145cbf8cf8666,2017-01-18 00:00:00,2017-01-21 00:00:00
4476f5f7b10154ba0f7302774ec7101da06876031ca435d076e089b0a802a047,2017-09-08 00:00:00,2017-09-10 00:00:00
44b5075ebdd3c77e207cbce446e5310a3175a88dc24a4ed38e5e6df4c533b439,2018-08-17 00:00:00,2018-08-19 00:00:00
44f14036817375a4837ad0a2db20bf44158585dfc9e642ee88d33182004ed8c8,2018-06-15 00:00:00,2018-06-17 00:00:00
453a6b6fa1e9a281a215b7ce20ae6bacec7b1eb3401dc1020069fbac45b3516b,2019-01-18 00:00:00,2019-01-20 00:00:00
45674ba77ac3b75afd34e490dfd79adeb32629a63696cc856ae9ec9b5a45e37c,2018-11-24 00:00:00,2018-11-26 00:00:00
45957288df1c41197e320d3eb1e70a96914bf21c3cb5c2a37131d0e18e1427d4,2018-06-05 00:00:00,2018-06-07 00:00:00
45b679f243047629d79f757606c577015d6feefca63d64bfa515f00e6eaa2ab2,2017-01-29 00:00:00,2017-02-01 00:00:00
464ed00abf3bde5135fc011a3d2c6bc9b9aea3c197fc01704cc27d762085776d,2019-02-15 00:00:00,2019-02-17 00:00:00
46825a96ba6c7f353cd0dde15a40929a895aa35de08a84bd4bab6a78eda3a6d5,2019-01-08 00:00:00,2019-01-10 00:00:00
46c417258b422dacff971616ea9faa7c1a3ac00cb892de364c30bfdea32fe5ed,2018-10-19 00:00:00,2018-10-21 00:00:00
48145472ea92c3f9accba2f0c2596b76ad1ad48ecff9204bb0d607ec9774f14f,2018-11-08 00:00:00,2018-11-10 00:00:00
4885216173ebcf9ca5319b6940634ecc9f9b318e863e54c4030b0ecdd139db0a,2018-09-24 00:00:00,2018-09-26 00:00:00
489dae38c02a1eaa5bfcd0f844ca52d0559ecb79c4af7891ac6df96ffe1f949c,2018-08-06 00:00:00,2018-08-08 00:00:00
49986424a8e5bc4b7a725b6c7d5130ab40a1880fced94bd35001c440b0fb7b1e,2017-09-20 00:00:00,2017-09-22 00:00:00
499d1c6fa5095c1f7f4c64e680bd40e69da2157a6ca9c220e50e8c498c3d3acb,2017-05-19 00:00:00,2017-05-21 00:00:00
49b1fb0f2d0b234d25cbace945690b8cd8a19b6e43e697ba72611ab18ef5e16d,2018-01-09 00:00:00,2018-01-11 00:00:00
4a560bda3324d02d15dc17f3992668e1722fc32eab503c076bc0d91e807d45a0,2018-09-17 00:00:00,2018-09-19 00:00:00
4a5d6beb34c7ec20d5b0238c5b30a51999fd92a4e310abb559b9962d508515d2,2017-05-09 00:00:00,2017-05-11 00:00:00
4a63bae5c9100ff9aec92a476d3ffaba9b52326eeab0e51925a46d99f1ce3e37,2018-06-04 00:00:00,2018-06-06 00:00:00
4adf9676462831610df61adc9eacb1cff17e40953eacafd190774a31549fb0b1,2018-05-18 00:00:00,2018-05-20 00:00:00
4cb3063c06940cdb4eace97669970c8e91d24fa23e32d260956b54459000ea35,2017-10-02 00:00:00,2017-10-04 00:00:00
4cccf841b6a59966cbd47188bcee8ae5a33beaa22b37f1e04585592fa49a7684,2018-12-07 00:00:00,2018-12-09 00:00:00
4d19b93b5d16bc8817f6133912b8a4d1326b16f2d163767c288be109880abf50,2017-12-04 00:00:00,2017-12-06 00:00:00
4d28844d9cedf0eb3ccfea0aeb118627aed77001fd382cbe51a0180916c253d9,2017-03-28 00:00:00,2017-03-30 00:00:00
4da8d7a495c937cda468905f36b451d12e6722e6e3250377938a35c939da4754,2018-02-23 00:00:00,2018-02-25 00:00:00
4df6447ea6505aed44421f9f3d9195fa17f31bb53d1d1195b59eca07ed1507c0,2017-02-15 00:00:00,2017-02-18 00:00:00
4e3be9fad71327df7e67f808e2332f17b70490c56ae7dfc5a15b5789bb5d919f,2018-06-28 00:00:00,2018-06-30 00:00:00
4efe9a6148145dc2bf92fd8fb59d24c7c3ba3c81030f08e3b2b6bd385286ac0f,2017-01-25 00:00:00,2017-01-28 00:00:00
4f0e55a138ca02211c8eb94eeafbd33ea9d4e4c16ed9cec1b2cb21f29fcbf9a7,2018-01-01 00:00:00,2018-01-03 00:00:00
4f737a6e3cd7d1defb24dbb3cb9612cddaedc688ef72666981fbdc4a1792dad9,2018-01-05 00:00:00,2018-01-07 00:00:00
4f8274f2835f0313d3cca8f1ff626bde3eb7b0534a5b35c738402daf08fd51b7,2018-12-31 00:00:00,2019-01-02 00:00:00
4fbbef00c24f72578c60ae09b80ebbe1bde55233443509b2485c6422313e4ede,2017-08-29 00:00:00,2017-08-31 00:00:00
525bafab4f71f3a4ba6610b190194d98e54a5d25c415214f749f7b09940fea78,2018-09-13 00:00:00,2018-09-15 00:00:00
52de32817772d991ecd755b720669b888817e34bbfb9d79969fb92087ffcaa45,2018-12-30 00:00:00,2019-01-01 00:00:00
531f0e7f02a081767da1c722cfe99473927a2a9008681d4114984c1db4a943f5,2018-02-04 00:00:00,2018-02-06 00:00:00
5377a344c2f0969d945dc71f34c0e8298c0d241979e07fd7b4a63f6b3cc4d9f9,2019-01-06 00:00:00,2019-01-08 00:00:00
54e5b36408b29437e9df0be68595cefabee20715cba58d848480cf25ba6cb44d,2017-06-23 00:00:00,2017-06-25 00:00:00
552e9f4fac243a8bb7d1623ea1783f3df64a402d5b8553daaab61d98f5f37c35,2018-08-03 00:00:00,2018-08-05 00:00:00
5549de551d76562f4e309636af718882147bdfea12b6d3db589040ff6f9731a6,2017-09-27 00:00:00,2017-09-29 00:00:00
56126d1a289698250e406fa581fb495764641db7602718f674154af1600862bf,2017-02-06 00:00:00,2017-02-09 00:00:00
5621ddd30bbb11a881886e392fa5db39825cd5d67d317acb49b2adda14c58704,2017-10-31 00:00:00,2017-11-02 00:00:00
56549f55a3fda3853383e8e081dd57e90128ac5a11a91bb854c808f6d9233ed1,2018-01-29 00:00:00,2018-01-31 00:00:00
57040315e39147b678d66ffccea782e4c74941c96d49ba53da7924e955e58c68,2018-09-02 00:00:00,2018-09-04 00:00:00
57b47a74cf84339d4dd116b4225205a13ef3e8be4d3d9187a76a4e971e55bc03,2018-02-24 00:00:00,2018-02-26 00:00:00
57ce92cb47aac3dfdd8da178d1e42fef162eeb8b439d148655557b5559604dea,2017-10-04 00:00:00,2017-10-06 00:00:00
57d238d6fa8616aced7e31124494106f488f428eba5003aaf2cbe54c37670f45,2019-01-07 00:00:00,2019-01-09 00:00:00
5981b685d2c18f17410e25309caa6b1e938f93f0ed6ef74df89dfe964f3695cb,2017-09-22 00:00:00,2017-09-24 00:00:00
59936aed3a3658f2f925884da48db9c699564edfba7eb2474fc43db6da6d3b40,2019-02-03 00:00:00,2019-02-05 00:00:00
5a167f2a58b00cc81f2a7d8f1d4be3d9fbb853fe3c1c1e71a40dd3d8bdc14e48,2018-07-22 00:00:00,2018-07-24 00:00:00
5c1c1b7fb9f3d59b50339c4aaa03ac0f6a26f67f920a2d30182f241d951bd8d2,2017-05-15 00:00:00,2017-05-17 00:00:00
5c20d4cc85e84d9371c76db6110b8311399eca48a107a4b5fc63e424ab6f6f2c,2017-07-20 00:00:00,2017-07-22 00:00:00
5cea5d82d96a0a488f21cbc536ef2f425a1cb1ee2037000f296b52097c6f15e3,2017-04-11 00:00:00,2017-04-13 00:00:00
5d14a690fda60ab187e1cc91af8c4349613f388d602e36a42aaf0e0b098b327f,2018-04-19 00:00:00,2018-04-21 00:00:00
5d4175a898d4a7246d730fb314b1dafe94a47a93e109f214f5832fed92451d34,2018-06-24 00:00:00,2018-06-26 00:00:00
5dab15fcfdfc91125bad193be55c10159b0cd12c90a12c4bf0afeee204c6ae35,2018-09-03 00:00:00,2018-09-05 00:00:00
5e2ff615bd5452eb4931f4f24c4a8bac31ab16ed2f7a71990e4324040438f3f7,2018-03-26 00:00:00,2018-03-28 00:00:00
5ecb2eefde3fb633d95cdec07ebd2e6e20845f4a611dbadafb5d7eb3715c1602,2017-08-23 00:00:00,2017-08-25 00:00:00
608d30d5670fa7ae99372b4c53de28a48b6cddeeedb3419a340d93561518d198,2018-07-26 00:00:00,2018-07-28 00:00:00
60a784d051a820501d969bdbc39833795bc5e9c2e3cfaa5e758ad73b83a74840,2017-10-10 00:00:00,2017-10-12 00:00:00
60aeb9601e13a037d9cc7575fb1366b5c52007db5dcf87b5a59a89ce6a545c5f,2017-08-04 00:00:00,2017-08-06 00:00:00
60cebfd73bfae1dd2620e64773c61fb3644e1b8769173762193fcedd38b9defd,2018-02-03 00:00:00,2018-02-05 00:00:00
62424da9f56ba48add95c4f54ff180f970035ef2065fbf08be9fcc0787357145,2019-01-22 00:00:00,2019-01-24 00:00:00
62698408d292d501e0f7cc28ec8602c40e044ef511210e5ca62fc9c19ad71815,2017-12-27 00:00:00,2017-12-29 00:00:00
6290504b3e2736662001cb663e14c79fc1e0950dd473f63e925551db79e30c44,2017-05-05 00:00:00,2017-05-07 00:00:00
629fe86487d5f3158a3f2d3b269dba6cbe13f5c50b905f2fa2570b252fa7f8e4,2018-07-15 00:00:00,2018-07-17 00:00:00
64503141fd5da05a3e194604e248f016c3261f3c73829c7879bba5fbcd8542c7,2017-03-03 00:00:00,2017-03-05 00:00:00
6466e659ca62fa77dfd6729faa38254164fd304b9d569a43042e99113b9d372c,2018-04-12 00:00:00,2018-04-14 00:00:00
64de2e03c90f5d366bf1f3a41c289937c2fda8a336a6c9d3321219d87e0a47c8,2018-10-28 00:00:00,2018-10-30 00:00:00
6541d8d6730e362397a0e194f59fac345ac1c8964ecf67015a6e0ac0307de3c7,2018-12-09 00:00:00,2018-12-11 00:00:00
657adb44f9226d5cbd4144d6a21bdb7668f702841de17a5a254c325c60fc538e,2017-01-10 00:00:00,2017-01-13 00:00:00
65b718c352b4349cad260e3bb8e6076edba0c65b2b58e2193b73b63ad7194166,2017-07-26 00:00:00,2017-07-28 00:00:00
675bf9de1f3679693310e9bfd4b321909c4625cb7855de118b3b5634505f94e1,2017-02-07 00:00:00,2017-02-10 00:00:00
682423b0a6647dcabd378378c6c0fb289d5ea06258001844f472ecca89f8fcc1,2018-10-05 00:00:00,2018-10-07 00:00:00
6843bbc4e87565b666e171d87a782c7cec343fdf4b747c2e0ec879f208f1ed98,2018-07-14 00:00:00,2018-07-16 00:00:00
68512cdd532000ae699ac0cc10ea37e2c86785df592051e234efcf408774725f,2017-12-12 00:00:00,2017-12-14 00:00:00
68ce9ecf1a45e66c1e77aa3f7bd2596bfc9c535c4e6d23ef3c3cda61022bc0aa,2018-02-12 00:00:00,2018-02-14 00:00:00
68fbe9a8aff26f236629890109253d7389ccb7074d3bc91c873225f4eade061b,2017-11-20 00:00:00,2017-11-22 00:00:00
68fd4af8c33c1a30f10d9872b177bef07730466723f01dbf3a2b4fea16cab639,2018-06-07 00:00:00,2018-06-09 00:00:00
6906c62aa15894b9f5e553b76fdd2497df1f2ba7677ac00b3e04c96ddf7a3f90,2018-02-11 00:00:00,2018-02-13 00:00:00
6a1cf8ebd4ca8e49e6cf9bf3319c85f3fb093e910886e33f4d6e1e8b271088e9,2017-07-07 00:00:00,2017-07-09 00:00:00
6b0c9797eaba92df89c4f1166025c1c67b1f9f6e1a8c5b6d7404ce1bf8a050fd,2018-12-06 00:00:00,2018-12-08 00:00:00
6b20965321319bc18fe82c273c96b9c0ac76be76473dc2d1a030a788f83ee014,2018-04-06 00:00:00,2018-04-08 00:00:00
6b24a616a2a72433d39ebbc552a3abe192b86cc164927a29663b9db4d733148a,2017-06-12 00:00:00,2017-06-14 00:00:00
6c6942c4bee2549c143eb4915c0c20c1ef4a7796ddb4ccb598b09559b48747a9,2018-07-28 00:00:00,2018-07-30 00:00:00
6d5c18e42882111ebc0f5237c41212620dc299f1c5e930865e130421c70b2aec,2018-12-29 00:00:00,2018-12-31 00:00:00
6d9f13dabeac51d045758dd910d5575c2c7db7cb687e0c7b3245b7559026400b,2018-09-01 00:00:00,2018-09-03 00:00:00
6e1063fc1319dd2d5c6000eaffba6eddc223e09b89d3ab180abb38b0e57105eb,2019-02-11 00:00:00,2019-02-13 00:00:00
6e1b4c2571231ab6bb16a68aa129b9866a70a2b2bedca4d462d2d6ee193b732a,2018-01-03 00:00:00,2018-01-05 00:00:00
6e2717d51aa15c3832b6ab4b1dadfb6172778f2292bb7f058c35272a1bef3a70,2017-11-29 00:00:00,2017-12-01 00:00:00
6e666ae8d0ab221d61089453534f87441ea1cecd2817d9b6871da9dbd446f549,2018-02-25 00:00:00,2018-02-27 00:00:00
700665186da29a4e259017e6dc72657cc6cef6c444329e0ed57bebd26931be55,2017-03-27 00:00:00,2017-03-29 00:00:00
7053850bb53f2c498b0c47f82230b0e0b7d8dcf16b5925708acc9a5cc0cf9b89,2017-07-24 00:00:00,2017-07-26 00:00:00
71beb34a61fa6be161c8c92192ecb6ffa021a20088fd7c459dac94753aefd298,2017-06-15 00:00:00,2017-06-17 00:00:00
71c3580d5dd52fa840980c9744bfe0b540f91dd18f586a8e95ebfd448aa46707,2017-08-28 00:00:00,2017-08-30 00:00:00
73a78902f572697549b9d46b3b5fda37611e47459b077e27393ed442222bd3c8,2018-07-08 00:00:00,2018-07-10 00:00:00
755e66f33ed69d265deb0be152be936a7e84a423367197400235198fc3876cdf,2018-01-08 00:00:00,2018-01-10 00:00:00
757f100539777a65c2b3750cb4531223e564ecb5b85d2a4898a46c64add220b7,2018-01-23 00:00:00,2018-01-25 00:00:00
75a9bc4d8e4a377971745141b6cee9bfa075f1577fc0b0531b53bc5d99a654c7,2018-12-24 00:00:00,2018-12-26 00:00:00
76ba5c64dd1ab8aa081346ee161b0b1a2c9ba1c6de4dfb1ab2279dc5605f8812,2018-09-10 00:00:00,2018-09-12 00:00:00
76fb68fa07b3ce4f09da6f85959ad166ccc9f2a807783ceb69eb0d50a3675847,2017-06-26 00:00:00,2017-06-28 00:00:00
787d72ae02f226afc88cc7393feb8075c7a739de74ba6e5131decf92ce44b91e,2017-03-20 00:00:00,2017-03-22 00:00:00
7895444b3d6e8b2289dcee7ec8f31c640070e20827b00b451ba22cc23ac64f0e,2018-08-10 00:00:00,2018-08-12 00:00:00
794ff6a1fdd38112a511e5c37a6d4943b565c1510bdf11603cbbebdba86925f0,2018-08-02 00:00:00,2018-08-04 00:00:00
79904914697b2adec2e6faaaabd1e958e63aa33ffb970935edb68556aa76ca92,2018-12-16 00:00:00,2018-12-18 00:00:00
7996cb5798bd120f8deaf686437899dbc01ad1dba1ff40fc6373acb380318c2c,2019-01-26 00:00:00,2019-01-28 00:00:00
7a0330b100b556b41cf545140211bfd089bfc6ba01608c7a848c3d63abb61446,2019-01-25 00:00:00,2019-01-27 00:00:00
7a151d6c4c161fde646e4fd859fb15add2d75997bb893878cbb9cd454162ea48,2017-01-31 00:00:00,2017-02-03 00:00:00
7a41088c7b42b4d5f72c0b2f92f59a988827770fe7ecc710b81c8195899da651,2018-01-02 00:00:00,2018-01-04 00:00:00
7a4e8b98bdafc86436f7e33a1cf95d5d577b682cd55efbd4f5603319d2e4b798,2017-05-31 00:00:00,2017-06-02 00:00:00
7ab7d7ea8a4d68d14af440804a52c475c0be9d9c4106d07b0117117caf63c028,2017-10-17 00:00:00,2017-10-19 00:00:00
7b6317c005eba5062db3d12d0959ffd14c20b4dfeb7f46775dc777cb5818c9c8,2017-03-31 00:00:00,2017-04-02 00:00:00
7c22f293e76a69a362c97891b5356d097f27491706a684b7619e55dad24a4be0,2017-12-05 00:00:00,2017-12-07 00:00:00
7ca670e630db68ba13ab21564d98de1f2f20a19c1304e53e759a1f21c0a6364b,2017-05-30 00:00:00,2017-06-01 00:00:00
7ce9213ddb8aa6e4356b9baec96160cd90ac296a31550e47e398a339a979a444,2017-01-23 00:00:00,2017-01-26 00:00:00
7d97eeaaaa123098bbd99bad0923e511385911c304eb6ffcd5c5b5fcc522f1ac,2017-09-07 00:00:00,2017-09-09 00:00:00
7dd899fb38f1a7b61b87f69ed497b6f8f07c44270fe7a1c3e239b4a7ec0cf8ae,2017-06-29 00:00:00,2017-07-01 00:00:00
7e96c95b186645af32b8309336c088ae8bf72cd95f51019f04d4546cb3fb4cf8,2018-12-13 00:00:00,2018-12-15 00:00:00
7f0f26e113b164b50be124574df3d421bdd20424ede82d7d6038b0ac284a74da,2017-07-17 00:00:00,2017-07-19 00:00:00
7f35ba8bad874de8285207cb09faaabeba6e776d3fbeee536fb083b2e4f319c6,2018-07-21 00:00:00,2018-07-23 00:00:00
800c542150c21117ffef238166020b8ef48f83db45931852aa0f7bc029e3c519,2019-02-02 00:00:00,2019-02-04 00:00:00
80e793a30fa636d57b41e6662c6c3865376cb4078a89431b35798c8737a97e9a,2018-07-16 00:00:00,2018-07-18 00:00:00
81317db3e58451bd5268d91c546d8be2c832ab6d1bed01e1a16d8eae5904c33c,2017-06-20 00:00:00,2017-06-22 00:00:00
81936a6287a5c1d7ba7c1971c4a8570668d7afce36dcca5570e7f4f239c865fd,2017-05-10 00:00:00,2017-05-12 00:00:00
8219774e4e26fd365eb1e489ff813a6ff8d6bf56b1fbf3ab7730de74690fba06,2018-05-06 00:00:00,2018-05-08 00:00:00
84298120ae59a625d0d70cf17bf9d9ada45bbc0591d42aed87ba34e7ad644239,2018-09-15 00:00:00,2018-09-17 00:00:00
84d4bbac02dcf896cee0909bee7e45f84eb3905007f0e94225499d24b8c460c2,2018-12-10 00:00:00,2018-12-12 00:00:00
84fa14a836275c97af8804cbe1891293973dab27a6d2b7331e27b355274b6d56,2018-03-18 00:00:00,2018-03-20 00:00:00
854432c5e23019d1b437b63fd664be3a71bf35ca84eee8cca2ab636247ce2822,2017-04-28 00:00:00,2017-04-30 00:00:00
855053e2a08c0b18f407145e7173b9960aa36b3a0dd128c2fa3cc14661c65600,2018-09-14 00:00:00,2018-09-16 00:00:00
857a229b4d333e63dfef79b78f25d9a11b8a800b19dbacc4302c6d0002c45cf3,2017-03-07 00:00:00,2017-03-09 00:00:00
8618f3522fc003eca9b128b4d26ba8be1ac9f20123e9535a5d83adf64e5858aa,2018-04-20 00:00:00,2018-04-22 00:00:00
8623bef9118eda72c7adc4134c4ba1aeae3e58564f00c9a20334176ed6965580,2017-06-17 00:00:00,2017-06-19 00:00:00
86f21fdf71afc59b9b0a4bd692150b572943ad32d185155437a0237ebbaf056c,2018-03-23 00:00:00,2018-03-25 00:00:00
877367ded37d72096c16ee401d3152b7b747c233f139e8189631cc69fb14fc73,2017-12-20 00:00:00,2017-12-22 00:00:00
87aa152bcf51fccfa2c52de2a3124c5ab407363a298047202fff648606a86180,2017-06-07 00:00:00,2017-06-09 00:00:00
87e63d0c7f9e964786bef7175d41e60e96e7ea56a14d4cb9f94047c4d01f89e1,2017-09-29 00:00:00,2017-10-01 00:00:00
87e91c38563e336ee37b79b1b3321f583dfe3adef0a9439650a7fd675b45b4bd,2017-08-16 00:00:00,2017-08-18 00:00:00
88a0eaef75c9bc38d7570b9982f129f64e6acbc2a269e53a105ab4c843cb019e,2017-11-23 00:00:00,2017-11-25 00:00:00
8908704ba566ff8c094049dcf57b574be14e5cfe587b689d19560ee9623deba7,2018-06-14 00:00:00,2018-06-16 00:00:00
89cc690edcdc324f09d585b83b47dea6bde024645824989c8c5fd808f8878129,2017-10-27 00:00:00,2017-10-29 00:00:00
89d0904ec3fbd12680dd8ddd0e69bd70b276bcd139354d5333335f2aa7537c99,2018-03-12 00:00:00,2018-03-14 00:00:00
8a017a8ae61675a2fddc9ee1f1208bce94964346c73bc5fa92d3ae7f04043883,2018-01-19 00:00:00,2018-01-21 00:00:00
8a6ca4105bafa030477981d8de3e73a0951881b62c427c3337fb839756d2abc5,2018-07-20 00:00:00,2018-07-22 00:00:00
8bf3e642921e9e4a1ad50ded1d69a896f721dce6b3d2e4d688614a165a6edd55,2018-05-19 00:00:00,2018-05-21 00:00:00
8cab6060bbb2a8baff753c833b59ba34c5a6972c27fed0855e0d4cfe914c7144,2017-12-15 00:00:00,2017-12-17 00:00:00
8d179a120eff1203b9d34797f9705751b0ed73ddd57600f6a95e4f85254bad23,2017-01-26 00:00:00,2017-01-29 00:00:00
8dc562f3496a10e68c9bf3558f09e562f591af9aff60bdb14490f40b599614a6,2017-07-21 00:00:00,2017-07-23 00:00:00
8de1e6a777cdd958ee0a639a41909172dbe82d0987408fb9e0a93d47e9312642,2017-08-24 00:00:00,2017-08-26 00:00:00
8e0821d892379d5ba6fb1bd1669f9b452c9750db58f7a2272a1aca7bb8768c9e,2018-11-11 00:00:00,2018-11-13 00:00:00
8f370310b1b611f678f9851962442bd3027d6bbd3d5dd4f5211ffa1474005b4e,2017-07-11 00:00:00,2017-07-13 00:00:00
8f5d16e8e3041a85ae90251bf6862d448620d02f7970817f4bebaa6fcba68290,2017-10-19 00:00:00,2017-10-21 00:00:00
8fb83742af1bda600118687bf13cdaa6452920ffabb7c80f8aaf8170634218cd,2019-01-11 00:00:00,2019-01-13 00:00:00
900144e5c9f493b03a0fe54706adcead5f1be3d5935a74fa893ff73e6dc3b9e7,2017-11-21 00:00:00,2017-11-23 00:00:00
9039915601479ca737551789ae5185aba7cb8b79b5de866abfecc26d38a6f12b,2018-05-12 00:00:00,2018-05-14 00:00:00
90f6cce4b4b25bb0b74079b392c8fca1984428861a52f37a6b32d9b4bc620523,2018-02-02 00:00:00,2018-02-04 00:00:00
91eaa8f5ec8973b7d4f1011eeedb4c14318b300131a792a520a4d45b8586950e,2018-03-10 00:00:00,2018-03-12 00:00:00
92ab75d7959ff1a7f6f7ae72048ac30d75676bd94c397db566f37d2db80a77e0,2018-01-07 00:00:00,2018-01-09 00:00:00
931e1c1ab8e382aba2752f7a11417f19d8a80d8a25dc4c715d3625bab836d1ad,2017-06-14 00:00:00,2017-06-16 00:00:00
94d4904889c414224e9fe492d78f417b3a9599eb2179fc1a4dd01609cb29d8c8,2018-11-25 00:00:00,2018-11-27 00:00:00
961d97909a215f01973c6eec231d2fa122a09ba265ccf7ca6b9b3a6be0d14271,2017-06-01 00:00:00,2017-06-03 00:00:00
96769ce34c666d875e6f36328c7ac5ef7f25f3d162c62aaf5d152c8161313f09,2017-04-27 00:00:00,2017-04-29 00:00:00
9687a5fe1ec9c49d67f2b61715700d3a37b769a2ac6a25d795f51d0f26366901,2017-09-28 00:00:00,2017-09-30 00:00:00
969170ded0dca6f481822c961a7f6f2b6ac4039c78e421ac537c9e22660f371b,2017-11-16 00:00:00,2017-11-18 00:00:00
976e2c892b0b08c5b25af1e44f3be60de34b671ef8f3fb01c7b8f328f1f2651f,2017-08-11 00:00:00,2017-08-13 00:00:00
97a93428e072fdf8d695eda1a36127b6efefc51722303c0fd0debf07931dd58f,2017-02-27 00:00:00,2017-03-01 00:00:00
97ecc0cf749f4ca3429e193a4aeb149288d45a859391dbc8900dbf1493da030e,2018-08-19 00:00:00,2018-08-21 00:00:00
986d1fa8701d5bc93acfe7bbb1d7a1ada3e807a8c93f756d73b5f7dcec782b8f,2018-09-22 00:00:00,2018-09-24 00:00:00
9876bf943e84e9bd49215c1a352c3f704d11673f3fbdcb6a776a5ef6093278c5,2019-01-14 00:00:00,2019-01-16 00:00:00
98ee5c2217ee4efc68a9f2e6160d436c9822a1a2496719b446b57b2297b68d39,2018-10-27 00:00:00,2018-10-29 00:00:00
993a48b3d2b8d18fce1e03e131b7a645008c2ff80103cdf78ed9bdeacf1ede61,2018-01-04 00:00:00,2018-01-06 00:00:00
993bfd857e763f7bd1846f1a92c6b9d7a97d91c5fc2f93f01bece942ff6542d0,2018-03-03 00:00:00,2018-03-05 00:00:00
99bac0a6188421a3fb94bd8d57ca71bf9c66becbcc34ad60c2ef2f95a13d8275,2018-01-22 00:00:00,2018-01-24 00:00:00
9a471b71c3acacbfe32c02699f7e264b263f0e76e754ba22be19f1d183a0ae4e,2017-03-16 00:00:00,2017-03-18 00:00:00
9b20675821a6605178cc56bd19b3a2627db181dd5258644c10340a9bd5ee8f32,2018-05-03 00:00:00,2018-05-05 00:00:00
9b32cfa928c982b91ca72a4dcbec432381c68ef8a0fefa6e031a80fa0ac8df32,2017-09-18 00:00:00,2017-09-20 00:00:00
9b791dc16c6aae1a65a57d84783d7d6b69fa3e9c561e967af78c5aefc816c4fb,2017-06-19 00:00:00,2017-06-21 00:00:00
9bd61bd0dc706fd0c9a558fc570a49b11b1b26cf7c1482aa8563a6b45a8f3e1b,2017-11-09 00:00:00,2017-11-11 00:00:00
9beb888ede7f894d7466ae64e089143bbe731fa87d4a6f2b1dbf8e944dc3e486,2017-03-08 00:00:00,2017-03-10 00:00:00
9c19feb21d28a98a458da94f8e66d5923c88513b093fa6f47d613f1dadd30e9c,2017-06-06 00:00:00,2017-06-08 00:00:00
9d7281b11cccf5d1c7ee3aceeb95f36cebcce181f98dee42e46475a06517f4eb,2018-06-10 00:00:00,2018-06-12 00:00:00
9dd72d344748adeed2e2819f84ae3ad038d97afeddc888e0576ccd359fda8043,2018-10-12 00:00:00,2018-10-14 00:00:00
9e6d090c67046e7c33d372f5cb1e7e49ca5f5d0dd3dc6fdcc4417ff395b85dba,2018-07-13 00:00:00,2018-07-15 00:00:00
9ec03ca000958cd490fed784a33d6a45d65b7a065c351df52843913f0772d174,2019-02-18 00:00:00,2019-02-20 00:00:00
9ecc0aa8f7122634682c47daf63ab6aadb77f00805a77c220d9e47146756f720,2018-07-23 00:00:00,2018-07-25 00:00:00
9f38e9fa5b4e56fe913f7deabf2c9b91f1d2538893aac53d8451e23eac18a735,2017-11-17 00:00:00,2017-11-19 00:00:00
9fccee9a24f5bffe14894959795197f768cc0b2ee3d6e4594c496a92399866b4,2019-02-19 00:00:00,2019-02-21 00:00:00
a0c6fdd564ec3cfbe78145dc8e588ff90314b3b00a4b77c0c4fa6e9973535165,2017-12-07 00:00:00,2017-12-09 00:00:00
a1b49f44416521b97dbc3b0c9eefab8823276fcf6f437cb44bd65a1b8f552abe,2018-11-15 00:00:00,2018-11-17 00:00:00
a1ee9aecbf4b0163362c0688595d46ede3ba16b7cbaa668383a29f40eb961ab0,2018-02-18 00:00:00,2018-02-20 00:00:00
a1fd37bcc3fbd0dfd0b44b6174632a80a643cc4473d10a2a3c446d63c18c1eca,2017-02-16 00:00:00,2017-02-19 00:00:00
a29a798b31ff3a590926b3bad1e094bea3bed2241f06b30c3f7c7dde2d38e949,2018-01-20 00:00:00,2018-01-22 00:00:00
a37595f62de04394101ebf6e249111c7724be8ae492ba52b443eb409debda5b9,2018-05-27 00:00:00,2018-05-29 00:00:00
a398ceb7749cedb6b7fca01c4bd837dcb2e1bc1d6c1704bf627629535baf05d5,2017-08-08 00:00:00,2017-08-10 00:00:00
a3c75669ee2fe26c15726e263d618389ed5a64bd73b146f10bafa739182ddc6b,2019-02-10 00:00:00,2019-02-12 00:00:00
a4c7b46339e3b89ffe7771c1be0e0e00e1603d28958fc27a6e59107cbc397bee,2018-04-23 00:00:00,2018-04-25 00:00:00
a50404a668b71ae0ead04b8dc10435667a0253206ca8c93455bc482ebd6465e5,2017-02-21 00:00:00,2017-02-24 00:00:00
a57ed66c22c1e2ea1dffa0f4947483738c04842f8743be566d7bb3432ccab9aa,2018-01-13 00:00:00,2018-01-15 00:00:00
a6082062153f6c9b6ffca36aeacc4b5f3b5fedb60554832201ab349ba2c7bde9,2018-01-27 00:00:00,2018-01-29 00:00:00
a6a806a251764ffea0058b25f10d2b100d61c037f85abb9594974a6f631ecc03,2017-04-06 00:00:00,2017-04-08 00:00:00
a6c73e170670e3027c94e7469b8ebb9f9b83e625d5664064a176f50c584e4802,2017-11-14 00:00:00,2017-11-16 00:00:00
a6c7a58bc3241ca9735a9641351f245dc278c5e20b79a5b560c48137967a9506,2017-09-04 00:00:00,2017-09-06 00:00:00
a758a631740df4a15307dc73882ee50cde935dc37d104115c34c44850ffb329b,2017-04-17 00:00:00,2017-04-19 00:00:00
a90636fc71c4d90506aad897cf4cf98c6b56c8ebf6f6b455fdee08be1485e291,2018-11-09 00:00:00,2018-11-11 00:00:00
a929b238af7c9b9bec564612bf0ee7f719bedbcc339d24f87955df12f76bf0c0,2018-11-02 00:00:00,2018-11-04 00:00:00
a9adad30f85722283dc45de49cd6ea6505c24bbbd4db47a5fb8fb89dd716eb07,2018-02-10 00:00:00,2018-02-12 00:00:00
a9eae1d6b46a4be295921bcd2be12e49d7311e029e488a5c2546cb5864a1fb8f,2018-03-30 00:00:00,2018-04-01 00:00:00
aa6227081fbf6f3f5e86ab75ec7b079f081319f5ceb12ba2d56477370f3ed79a,2018-03-17 00:00:00,2018-03-19 00:00:00
aaa051f5ce90576452855e7ce811f5c1af8f5614c265c4bbaf37305b8434abd2,2018-06-29 00:00:00,2018-07-01 00:00:00
abb162de5c05ccfef45cea04e7cad4d30c9992fb29f0632947b2f0d7733552eb,2018-10-07 00:00:00,2018-10-09 00:00:00
ad21e4c0a3884268edbe0ca69e62e3ab4d9c4fabd49e6aa222049b90bad0576a,2018-08-24 00:00:00,2018-08-26 00:00:00
ad41000a9a2a941d1e6334980b217c93959acfd50527db66c5350552407396d1,2017-12-22 00:00:00,2017-12-24 00:00:00
ad539fae38cbd651610dbbcb6324b215f63de0ea6a44b9c3973329c5d72ccab4,2018-12-03 00:00:00,2018-12-05 00:00:00
ad887dcfdcf971642a17ac609a396475eab674187e0be32564dc199afd5bbb23,2018-11-18 00:00:00,2018-11-20 00:00:00
adb797c46349f22dbcfa8cf1cca081353badf2e70a3df1794964afa48d39d99a,2019-02-04 00:00:00,2019-02-06 00:00:00
adcd0bf89d0993d86fb68d25997847994217f23c4f46e00641fcf0b8ad7b0d9e,2019-03-16 00:00:00,2019-03-19 00:00:00
ae0946b0212c3168bfaf3c5dcb3e9f26c66a7d17431d0ff7044a96ef26f787a7,2018-10-06 00:00:00,2018-10-08 00:00:00
ae55b316d62c615b1fd3c7ad6f8f40668f3ebb99542f2bf1a1e004e3ba6ba0f5,2017-11-28 00:00:00,2017-11-30 00:00:00
ae5c0bc63c51a92a4cb57d843d094e757f444c59ac796b69f817b3888f7adbd5,2017-03-06 00:00:00,2017-03-08 00:00:00
aede513f2723335e421aa6e58c75da45e061ca33e27a48b01248356d83e3b5aa,2017-04-24 00:00:00,2017-04-26 00:00:00
aeea4f5c40431afc87d0baaeba46ba573f1c4931a8a24647ff459e291af05b8e,2017-09-26 00:00:00,2017-09-28 00:00:00
aef53af07dea39358f9b71e299b4a6de41a182eabdffcd78dab00f49c03940c3,2017-05-18 00:00:00,2017-05-20 00:00:00
af591dc5cc732ad804c650959915992d3bc16cdf2a24ea7715444037aefe649f,2017-11-10 00:00:00,2017-11-12 00:00:00
af6bf95beafa94ca9b2063127a0ac5d06d0a8bfc7f36f04257b24947b950e1d3,2017-07-01 00:00:00,2017-07-03 00:00:00
afa84edc3585723609b0c604444313bf063e92a397db8def9bab4932724a933f,2018-09-07 00:00:00,2018-09-09 00:00:00
b077cfb265bea7c726477c766cf936c0ae6efca20e5d8b28b796b9d966aec462,2017-08-01 00:00:00,2017-08-03 00:00:00
b0b56cfe6694bdc012f82c6267c340553cad1416bcd2ffc097c25bd1f5c481bc,2018-10-18 00:00:00,2018-10-20 00:00:00
b1649befad4e2b474073e12fa7e076ed7caf063e37bcaee4916b32b36da6a229,2017-07-25 00:00:00,2017-07-27 00:00:00
b182ae26d1b7de804da6acf4dacc63636d1abb5a6657aefb07663b550e90003d,2018-10-01 00:00:00,2018-10-03 00:00:00
b206b92c80cf8acfbf09f2259588ccd24cd6d4e09d10f2d917f2cff7f4e11d06,2018-03-02 00:00:00,2018-03-04 00:00:00
b28553c7c8fd96c9849bfa856448080e08adccbf219f5a71cce095cf17053bfe,2018-05-28 00:00:00,2018-05-30 00:00:00
b34b4fe108bfef92cfb2f89f4933eda92c4868296651550482569be036a45781,2017-02-28 00:00:00,2017-03-02 00:00:00
b3b085ec94236786775c1f683f0bf975fc23675145b899f113d51023161f76af,2018-08-16 00:00:00,2018-08-18 00:00:00
b3d7cd9a22221e17e150752b5ca25625fd79661e7f28e154cb6adc84b2c3c322,2018-05-25 00:00:00,2018-05-27 00:00:00
b4ebf12ba810194bbca4d814bc7961fe7b3b6f2f57f325affe526cc2c3cef867,2019-02-16 00:00:00,2019-02-18 00:00:00
b51b5fff2a391d0292a461cd1710a922d042ea5ace6fe40108a89f158d360813,2019-03-08 00:00:00,2019-03-11 00:00:00
b6475fbcb233e9efa0650728ee08a806e9e1427dc02d9886fd296ceb7c23aaf9,2018-08-04 00:00:00,2018-08-06 00:00:00
b6c6bc814f80cc666cf25f40cb55e4e21f8d81b6da003ca7f1a928ba7d4680d9,2017-05-11 00:00:00,2017-05-13 00:00:00
b6cec95543cb1b407e82751c5c4bcb1290a44e9a894e11ba5bba07edeeb0a3fd,2017-07-03 00:00:00,2017-07-05 00:00:00
b710bed771dc10b811d8c7b774f980adb80b5a13b9435aabff6ff8a6da588d63,2017-08-07 00:00:00,2017-08-09 00:00:00
b71b2dfee3a0fcb18f12fff914e8290cfb08441b789fa1044ada3afba46c3768,2017-04-12 00:00:00,2017-04-14 00:00:00
b7c0ba9b4c4ad317513161df946a2243214809692c3ed2c7b06f1a3f23a557c4,2017-01-15 00:00:00,2017-01-18 00:00:00
b7d56aeafb26e56395f65ea16fadd31310c18d3ef8a19e4a5fe289fb957c9a21,2018-05-10 00:00:00,2018-05-12 00:00:00
b80732b866d16e718a789185abaf8de98b909dccfe5679f77bce9004988c2c07,2017-05-17 00:00:00,2017-05-19 00:00:00
b866f19c3651e0bb3845046fa43af1b54626e0ef7db84f8650b56ccb9b2d35d4,2019-01-28 00:00:00,2019-01-30 00:00:00
b8d6a0affeaa63b7cde69fd98675a97d9c3b564e73ccbef6afe6c71c122d2dac,2017-08-21 00:00:00,2017-08-23 00:00:00
b9d2e6e51f9470e68f9cedcbcfd9466003911248cf5ab607e1dad029571c756e,2019-02-23 00:00:00,2019-02-25 00:00:00
ba1f3a500627bf5a259eaf2f21e7fb0e5d6d2069b443a961fc3368418095365d,2018-09-21 00:00:00,2018-09-23 00:00:00
bac42d978490efbb7ded4c03e48e7ac69c30eefee4480af67a27ace9617a26a3,2019-03-02 00:00:00,2019-03-05 00:00:00
bad948e63faec819ed0a2932d3025af62d9cd92dd79f85d813537b9346503fae,2017-12-30 00:00:00,2018-01-01 00:00:00
baf4476d017c8c99300a879483250f6875529d2327fa693c60373a6100accbe1,2017-08-09 00:00:00,2017-08-11 00:00:00
bb254816e541581340dfe55a008651b8d4fbaf3d4ad3b55ef812a1829cb11517,2018-06-30 00:00:00,2018-07-02 00:00:00
bb2e31773d6e208056aa0f8f59ab5b5170de9816573512cd7a34b7ca02ad1644,2017-04-03 00:00:00,2017-04-05 00:00:00
bb43eca60f4fc2445a342fe11585f2b6f948e89791b72e8aaa88f57d262394b0,2018-10-04 00:00:00,2018-10-06 00:00:00
bbfc82db35080301888a90e0f9c29463d07f19a57e1755b75b33b4f63f1b6339,2017-08-22 00:00:00,2017-08-24 00:00:00
bc2252124bcd4b9391c12945cd75ee399f3b44ebdeb789d5175dc571249480b5,2018-11-05 00:00:00,2018-11-07 00:00:00
bc265d9f6641db4de54e884116c5958ab8f6a2f3155c78a7bcdeb7e11beb6a56,2017-02-09 00:00:00,2017-02-12 00:00:00
bc5dda37b56f3388c36839043b501e1b191b34e509f86bb5e72782b283de29c6,2017-05-01 00:00:00,2017-05-03 00:00:00
bc939c2a6349ed7fcc0fb59d91b84f9f4179cfcb14bf5fea88e7de8daa770c38,2017-11-27 00:00:00,2017-11-29 00:00:00
bca40e2e8354d6819022124b8a70495c95b65c7e55751d0dad2988032cd9a84b,2017-01-17 00:00:00,2017-01-20 00:00:00
bcf6e2255031be467e6b86592ae5c0ef8ab4d6ad02332fee8383423685896202,2018-05-26 00:00:00,2018-05-28 00:00:00
bd1563e58a7005f06dd170b3e36a41a4e5ef45db3aaac2f8f4d52ef819eacb6c,2017-09-15 00:00:00,2017-09-17 00:00:00
bd7509fa128d236e52650af02ba422963139a033d06b400098ba941842bbc75e,2017-03-10 00:00:00,2017-03-12 00:00:00
be41e0309a794b17c669341e3c2555ac543e6895d2e6a410510ea10731aaa3c5,2017-06-02 00:00:00,2017-06-04 00:00:00
be70f7a9f88a106ebcbd64f74e8fcb5f8803d459218e10589b36ab23754ba4e7,2018-09-08 00:00:00,2018-09-10 00:00:00
be8c00ef4c3a33f29e5d26161597679fd9708037ca1c74631816e54e81310460,2018-06-08 00:00:00,2018-06-10 00:00:00
c04dee3753fd06d591198883c10d5ca1d8b42226332202e6cbcd1652326ecdeb,2018-04-09 00:00:00,2018-04-11 00:00:00
c073571490510b2f8dace3c7a04314fcb70ac6d6c85da8ea77bad318fcf29618,2019-02-01 00:00:00,2019-02-03 00:00:00
c10dbcb028bda3f7730c67c47bcc5622b88422de256761671bbd9183c9e3ae7c,2017-08-17 00:00:00,2017-08-19 00:00:00
c1f5b845843cabd1b7edcd95aa9ae0f95114e908296adf8c347f8eebd0a0948e,2017-12-21 00:00:00,2017-12-23 00:00:00
c252fa6179407fd7cc282019c1a739b2ff02bb1aae324337e018756b1c66cdab,2017-04-25 00:00:00,2017-04-27 00:00:00
c338bb92323c12c6acfb29f274171b10019eb0c90ca13f83bfcdf918e29b72da,2017-09-25 00:00:00,2017-09-27 00:00:00
c34db0a3c1bb4b748988df73ba79cd205529ca3e69aac744ac7b1a63e620b706,2018-03-22 00:00:00,2018-03-24 00:00:00
c356997369dcb74c05c8da31ad5831e9627b9a3529647db0c9aed3e95090113e,2019-01-04 00:00:00,2019-01-06 00:00:00
c39fbe921139aa4814f8697e5cf77e640fb3f96141e26f03d64c77b099bbefef,2018-06-22 00:00:00,2018-06-24 00:00:00
c4b9d152004004861c53436f8a264bad00e6243b95b554d4503d656590b18fdf,2018-11-10 00:00:00,2018-11-12 00:00:00
c4ba5048ce86800711b9fbf3feeb1ab5eef5ac4c2790c49d90c269ed9b811ae3,2018-11-01 00:00:00,2018-11-03 00:00:00
c4f7e4d335ff458179f5a840a462bbf86883e64455d6bb490dea30ee7bbf729b,2018-08-25 00:00:00,2018-08-27 00:00:00
c57d36e6fb122bb2d9d6417a981370827ad18ae6e723eb460f02a9a296665ce1,2018-01-30 00:00:00,2018-02-01 00:00:00
c5a73dea4ffddf6cc61645b920cfe3bf393a76ca1ad18ef1bc757020b2a6ec73,2017-11-01 00:00:00,2017-11-03 00:00:00
c5b33176132f5162ab2570e8783636a875bd2aaf92d918877ad904dbd86ab49c,2018-01-28 00:00:00,2018-01-30 00:00:00
c68387b9814d00d659a560e9951016438a7a7aa009349dd0071df783ecd345da,2017-10-06 00:00:00,2017-10-08 00:00:00
c685396d22a15e518ba7f64d5a52176e4566c0b6826a8bec384908c842c41377,2017-12-13 00:00:00,2017-12-15 00:00:00
c727721c81b061d8f8ae57ce67cc72900b1f7d031d54e56b9e8882cd5bf0a5d8,2018-05-14 00:00:00,2018-05-16 00:00:00
c75d609e723dabf266b0c5e157a52dcbfead0a48b306bbd6e5b3e6246b71b94e,2017-10-25 00:00:00,2017-10-27 00:00:00
c77af3c7a629f376c239c4a6aa28590e5d6b4d1c556ad9c14f62dfacd5526e22,2018-01-06 00:00:00,2018-01-08 00:00:00
c96ee7d7750911d4471de9b6ea369954f9b78ec25dad6463da85c768155eed12,2018-04-07 00:00:00,2018-04-09 00:00:00
ca48e651301b4486a389894fcf5a7b3fa7c3bf835dbd592400af3e0583eba3d2,2018-10-08 00:00:00,2018-10-10 00:00:00
ca8066bc652898d1914b2156d9e66369d63290c06b19be73f1e1423fe2df5062,2018-08-26 00:00:00,2018-08-28 00:00:00
cbb80dd001fa1c129247547d6995b56bbaaca56bac47bf6f119fe293c141d36f,2018-05-11 00:00:00,2018-05-13 00:00:00
cc391f4dbfadb772a1424744f562ce7c2eff6d041954a3b12f043a9060ec28f0,2018-11-26 00:00:00,2018-11-28 00:00:00
cc5176467497b446561e52aa3a791c812d2e85624ec215e119172ec30e46eda1,2017-08-03 00:00:00,2017-08-05 00:00:00
ccf907c0d5eff787e9d140b8555638f74e7c15ccaa09d6fc766420a50ae5cd84,2018-10-22 00:00:00,2018-10-24 00:00:00
cd040d53e26e10cc64a44af74b88800642997de0f534bea5894cb864e2640922,2018-12-28 00:00:00,2018-12-30 00:00:00
cd891659bbb8f7994a87cb71a2149d67e5054cf77a9944b209c3ef31783312b0,2017-08-18 00:00:00,2017-08-20 00:00:00
ce3491b40a58d60572157c36c155ed54ed4d4ebc7e1c0f5ebfded28c45fd1ad6,2017-04-20 00:00:00,2017-04-22 00:00:00
ce6dc0a668341e8da1b48eda3251f48fd10365974a77141c9e2f534304609358,2017-09-19 00:00:00,2017-09-21 00:00:00
cf677243b57cb3e0dcb0e3dcdda9567dded247ca4d83eb6d826f7557a4535626,2019-03-17 00:00:00,2019-03-20 00:00:00
cf8c41d5002ad914f13e619a055f2c12496a668fb0bb34c75787658f537c09e8,2017-03-15 00:00:00,2017-03-17 00:00:00
d0a6b4249dd2ec8e68faae0d0aa0970f671231c05020c73dc8f24bdbff408c86,2018-03-08 00:00:00,2018-03-10 00:00:00
d0d9ae56cc5c0bb9f39e5f9994cf0e3b08e42b5f986cb31109f056f4035e45ff,2017-05-25 00:00:00,2017-05-27 00:00:00
d17a470f009e129ffdfdb1fadc6a0892e686e96233e97bc8f9e54c6026692eca,2019-03-01 00:00:00,2019-03-03 00:00:00
d242438979007781bf511fa3c859adba0474ad2b7cb426cae828faf6b423d2ca,2019-01-05 00:00:00,2019-01-07 00:00:00
d2d8c729a9ca0df33881255a132ce8ad92bf77ddc275e61a1640b5fd2d582f99,2017-10-23 00:00:00,2017-10-25 00:00:00
d2d991348e5c7731cc700c01c1f4763b5fbddbcb850e63674de399d37d7bf42d,2017-11-22 00:00:00,2017-11-24 00:00:00
d2e64ad3107be327655a729f001560b983d3502403484aeba3c5579a44273fa9,2017-07-19 00:00:00,2017-07-21 00:00:00
d32c7750404e77c2c5212be973a132f669d4f87950c9a7b7e98e30f13bd653a9,2019-01-20 00:00:00,2019-01-22 00:00:00
d32f106196d1237bb7caa9724114a32b1bde238cd03030a3db010ea3d269f3a5,2018-01-16 00:00:00,2018-01-18 00:00:00
d4b32a5a8ddc2afe2807529fb7ae3b4d8d87f92771285961af245cfa33c8bfc5,2017-05-26 00:00:00,2017-05-28 00:00:00
d58b43834edb5718a93484922e6f8673dbc177b1e9ce21749380128b67c51b9b,2018-10-21 00:00:00,2018-10-23 00:00:00
d5c1a5d847677ac113da2b41ff7ee228765ca7cb460d2814c9c25718741b902c,2019-02-17 00:00:00,2019-02-19 00:00:00
d6f9114b9d6ae5c9ecba637fb65cd923c59adcc2172fb097465765ff40411228,2018-08-11 00:00:00,2018-08-13 00:00:00
d75c3fc91d840d86d0ca9961c47a9dede0a16755a5fd4544ba2a23162f5327b5,2018-12-08 00:00:00,2018-12-10 00:00:00
d7ebe5953f0ef9c5125ff453dc2f3301e6a951db87227f59120a24b1721a5cfa,2017-07-12 00:00:00,2017-07-14 00:00:00
d828334c3df28ca683a604278f7d1f6fad48d8ede92d2b352368176c85c049dc,2017-12-25 00:00:00,2017-12-27 00:00:00
d89911bbf918a341cd39a9be28777f82609a5b225634137ba6ecf72edc755783,2018-03-04 00:00:00,2018-03-06 00:00:00
d94650118e3b6fec334cdbcfcf89d73c622c199bfdda2da6a1eefd37a0551844,2018-06-17 00:00:00,2018-06-19 00:00:00
d9ca33a0c517c395daea908e104cfcd627e2e8f560335792f4be216caeb5fde4,2018-12-15 00:00:00,2018-12-17 00:00:00
da3a10777a647dddbec491e3b3306106adf0b0034e0672c23bd988413be6575a,2018-11-16 00:00:00,2018-11-18 00:00:00
da3fdd7b5dc15d794fece35ffe45678b2358ba3da0c50c7194443c1c90ca5d46,2018-10-11 00:00:00,2018-10-13 00:00:00
da83bb427be777022fcf317a6a91d766066dab6343de34d5425654fa11be6d6b,2018-10-29 00:00:00,2018-10-31 00:00:00
dac4f61e2ca2440242b4b88227b7bab9e8fcb3362778e04560c9487c497a5357,2019-03-10 00:00:00,2019-03-13 00:00:00
dad9560364fe17ac6b79a303d822a5d575a06665462ca72fc8db80ef5e5150b9,2018-02-19 00:00:00,2018-02-21 00:00:00
db71f09465b410cfcaf4b1036ac6f4ef75c55d785708bec34180551933ca727b,2018-06-11 00:00:00,2018-06-13 00:00:00
db7e38b0067bb403ca1a472a22b0de4c075fd5280f938032ae69ddabf782872d,2017-12-18 00:00:00,2017-12-20 00:00:00
dc044707f8f881e75f9d56253e9870ca7c5e5fea0b55b18a8d1a937682dbb4d8,2017-06-16 00:00:00,2017-06-18 00:00:00
dc6dea6640f3860cd9e5446787a01972a3162ad46596974eeaad46779476e4e1,2018-08-05 00:00:00,2018-08-07 00:00:00
dc9d29ae5424e211263bc89c0219f13c9064181ee21615abc7d55b0edbbb86dc,2018-05-17 00:00:00,2018-05-19 00:00:00
dd20c0728a02ac6d13392ea0f0d88db99a9ae64536a73cb72f5ccb9b17b04349,2018-07-27 00:00:00,2018-07-29 00:00:00
ddbeb96d62492820daa3bee44eb1a5ac3f94157b9f7b77607ddd4b0fad17ae41,2018-04-28 00:00:00,2018-04-30 00:00:00
dde58430649e519c442599f3193bcd68f1d828f4c36792ca14b87527105f12cf,2017-07-18 00:00:00,2017-07-20 00:00:00
de739fed0d0817f312a06145c675d3fbb4427457ad67c897427b54a218d77357,2017-10-18 00:00:00,2017-10-20 00:00:00
df1704ecacd05bf624c203077e615695ccacda65d144fee87531137975e86c11,2018-02-16 00:00:00,2018-02-18 00:00:00
df35f33953bf97531c5d09dece58416576517dc5fbf1d3cbd8c7c2a89a57886f,2017-05-29 00:00:00,2017-05-31 00:00:00
df5e20d9e7c2305395e5f77e202316f1ea7ed000c60502ffc564a706bacd0390,2017-02-23 00:00:00,2017-02-26 00:00:00
dfdc82687f8b1784ccd47da34e1dfc686a91fdb7d20c44384189f4625214a594,2018-02-17 00:00:00,2018-02-19 00:00:00
dff1fd83f2deaaf072e9b22575d2d1c4f4ca442daff0bb029d371942555209c2,2018-06-02 00:00:00,2018-06-04 00:00:00
e04c05b4300c59e3647d8a580ad794013e31ffadab0798a747f829a3829c0811,2018-07-09 00:00:00,2018-07-11 00:00:00
e050e7e194828edbd267fee0bd2f567049e42e94030de2ffdbd9c7220f129dd6,2018-11-22 00:00:00,2018-11-24 00:00:00
e07f3f165a0d11ae4a66ef106fe448fc17af7f87a30cea0496de24655a9c160e,2018-06-09 00:00:00,2018-06-11 00:00:00
e1adf569d78a990f0257f378d483f5bd34f689ec03d6079c395173d581503c2e,2017-03-22 00:00:00,2017-03-24 00:00:00
e1f4f8e48500d309fb81e7c65639a538fb46b140d116c67ddc0f5852858c03ea,2018-11-19 00:00:00,2018-11-21 00:00:00
e200f12b64db780cff27d5cfbb9c4f27a20171733973400b00b8a54960bb94af,2018-12-27 00:00:00,2018-12-29 00:00:00
e276bc11a475abcc19690e8c464f784085038389a3dd72d80785d153895d3f2b,2017-01-16 00:00:00,2017-01-19 00:00:00
e2f013d9c13c81f8970353add38c11fef155e22961e3327f20bb05f8bb5794fd,2017-05-04 00:00:00,2017-05-06 00:00:00
e32d0b2def4a79196e78c294052ccd3a6e15249a3c76614ef982f936fed1e122,2017-12-08 00:00:00,2017-12-10 00:00:00
e39df6ebf060295796957675a18ab3bc10413e4b67fd51da3c3e4420366890ec,2018-08-13 00:00:00,2018-08-15 00:00:00
e3a0b33049a2a111a7c420233f6272db36717d68d537606a24552e0583eb1afc,2018-11-29 00:00:00,2018-12-01 00:00:00
e3b7b106d30e8112482af521f77057172f11a8ed2fc13c16d0f8a266e41caaa2,2017-01-19 00:00:00,2017-01-22 00:00:00
e4538baba4cde21ef30764e4dfb0703255cee6a163056c218515397bf582b1dc,2018-06-16 00:00:00,2018-06-18 00:00:00
e4c4c7634d3fd85b115a937830af49fa889c04a6d11c9245081dec9d291e1c74,2018-03-15 00:00:00,2018-03-17 00:00:00
e5c720442afc44489356051a3b0a7ee21d6401a050f60ed6bb2cb1488b3675fb,2018-11-03 00:00:00,2018-11-05 00:00:00
e6a6d02f05ffea1c0ed71ec525b827af9751d0281dbf146e8204f2b4165ba259,2019-02-05 00:00:00,2019-02-07 00:00:00
e6e4e51ae4d864bec05ddeb069ff5b9e5df8729a6e6329657c47edcef9812b32,2017-12-19 00:00:00,2017-12-21 00:00:00
e6ebb71894aad3673f6391a39d31bfb0df3b78b67f7cdd63cc1d7ca59d025bd1,2017-08-25 00:00:00,2017-08-27 00:00:00
e6eef99976d214975208ca0e5e55e446736352967f5a45504c14de3141bfca08,2017-02-08 00:00:00,2017-02-11 00:00:00
e84ca371ee613788501387d9317a745a458e27960f1ae93aa256efdd1781dab9,2017-03-01 00:00:00,2017-03-03 00:00:00
e88b9c000fc5ed10001f73e7a1a772c458c6dbe444ed1816fe8322e889cf20d3,2017-10-12 00:00:00,2017-10-14 00:00:00
e8aac03da285ba968336e21e66bea7d97c7f7a69be5890e18d9868fa59923550,2018-09-30 00:00:00,2018-10-02 00:00:00
e90c9bd5aa4dbc735ba233eb8007b9a60ef8c1bf650bd21666ea1325d6a22aea,2017-03-09 00:00:00,2017-03-11 00:00:00
ea467062cfc53ee0ef500822f70e5a9df860c083bbf6c81d833ac44a1cd93d2c,2018-03-25 00:00:00,2018-03-27 00:00:00
ea57dd04d8e3eadcabe759d75d64eb82cc3b6ce0ac8d1ee950740d26d8cfbcb9,2017-06-13 00:00:00,2017-06-15 00:00:00
ea9eb3c249ba1beab3d85df585ddc561b9e0fb9607e64410ca488dcde7ce5f94,2019-03-14 00:00:00,2019-03-17 00:00:00
ead1a712385880dd63778e8172835403af96fc1534009f31b968eb13749a3839,2018-03-24 00:00:00,2018-03-26 00:00:00
ec0fc9c0fc8862e4784db6b4ed038fee795fa44be60b4a8f8fbaf72d8a115649,2018-05-31 00:00:00,2018-06-02 00:00:00
ec8f643173e421c9bf3c87876258370e2783dfd787046c54067629ba038c3f8d,2018-01-26 00:00:00,2018-01-28 00:00:00
ecc5714734b27c066fbf49cce0210f85a759f453968cfa91e53ca58c8ba611cf,2017-07-04 00:00:00,2017-07-06 00:00:00
ed3de270c2d556992e7bfa316cdffdb04501cb1ade7b1b91b7fe0cbb73fd1211,2017-05-24 00:00:00,2017-05-26 00:00:00
ed42db5da109919a8cd38db6ffff83a4f94413f06a45a4acb8bd291e22dd7be6,2018-12-23 00:00:00,2018-12-25 00:00:00
edac5f3489b0e68d65bfe478e9ae08a5d619457e06ded5766ed061c487557df4,2017-08-15 00:00:00,2017-08-17 00:00:00
ee0b07b72fc32fefc60793959b5ca81f170a9ac7c3e8547358b7537116fccfe4,2017-12-28 00:00:00,2017-12-30 00:00:00
eef2322e5c4aa2bfd17858f6b209494427ccc4bc9205441ea68da01f22200a32,2018-12-01 00:00:00,2018-12-03 00:00:00
ef00636f0822c9bcf5f4ae54e2a9c7d5037a9ca43236e26dddbd2668fbce5952,2018-11-04 00:00:00,2018-11-06 00:00:00
ef2de59465527b99a323eb9c31eb6be14d6d4806468638675b47fe9ef9dcfc48,2017-07-28 00:00:00,2017-07-30 00:00:00
ef6ee0179819040a5bc8bd5f714ca818f2cb1cfe230c3b7e39e067fd591cb481,2018-10-15 00:00:00,2018-10-17 00:00:00
f01dc14961ec282d8d6d29642d2abe6ab7365cf49e886319513d2298f1819a25,2018-04-14 00:00:00,2018-04-16 00:00:00
f0437103f21f6fac81bc3c93ed71d0fc3457ae37e37f45d34d543226bff24fce,2017-10-13 00:00:00,2017-10-15 00:00:00
f0b6499aaaceadf3163661b36d58d12fa8f1ecc5cc93f98c17850835ef46a004,2017-03-17 00:00:00,2017-03-19 00:00:00
f0ba040633039c6ac4777fe8410e347df66b42f47b446a16019ce17cb0890717,2018-01-14 00:00:00,2018-01-16 00:00:00
f21537330be03d12ac2e5407b450fbcc5d8091147324d4a166d394ab9ddc10f5,2018-04-13 00:00:00,2018-04-15 00:00:00
f2582136bf4eabac769ddab219c1014c9976182c445bfb580773c032fde6fb4c,2017-06-08 00:00:00,2017-06-10 00:00:00
f2ef32d19c3ea53d14abf8770c2eb9f0c5259dfb1c42c8fddb8583c6723db736,2018-03-11 00:00:00,2018-03-13 00:00:00
f332b3cbff4728875d69bb885d36756a1651a5758e55c127ba441dc0dd5c2655,2019-01-13 00:00:00,2019-01-15 00:00:00
f3c8cdc2ab1942d11307e8d969eeb29604679e8b12ed406b620bd0c61ab6b8b2,2018-05-13 00:00:00,2018-05-15 00:00:00
f42a7d79457fd507f79662d18ba0205e0c6678d8e14cda3f7be4b9f97e4e8717,2019-01-15 00:00:00,2019-01-17 00:00:00
f4b51d55acd2b52eed4b6c05d4778d13d9b24853052ec6f03ed04e416af3d9d0,2017-12-26 00:00:00,2017-12-28 00:00:00
f4ee9a59632ba6c8c189ad317f74f79af0cd2bdae88c51990b850d591531c5c8,2018-09-16 00:00:00,2018-09-18 00:00:00
f53111ed6c8eb3e16b33a80b90cbf1a86f533306cf3bfa0de8239c2bc86b333a,2017-10-03 00:00:00,2017-10-05 00:00:00
f56d5db7b7b9efa0db77a52b192705e0cbb7fd3c770d3d7871d2716e84fae812,2017-03-02 00:00:00,2017-03-04 00:00:00
f5f567f32c3430bc8b1e75556ca6e048730c1f606c413c0346719ed65ecdf8c7,2017-05-02 00:00:00,2017-05-04 00:00:00
f6107565e30b936a6833199381f11bfd5427e9884b30c48796cb6315391524cf,2017-11-03 00:00:00,2017-11-05 00:00:00
f651bffd129b5167670e07e9d51186d98adfd43ddd96a262c54c4fffd87a46be,2018-07-30 00:00:00,2018-08-01 00:00:00
f6c02bf4e2fe3dbd7352d712b904897536ecd5746b61d77632777a7988f5f1da,2017-07-05 00:00:00,2017-07-07 00:00:00
f6c395dcc1c0e37e54a89a03ebd38d85599896fe4d054770aac0a3563740e099,2017-12-14 00:00:00,2017-12-16 00:00:00
f6d27257ba0233f915e251353116a23ce547d01ecdd3a527967f6c5f1fd2360e,2017-11-08 00:00:00,2017-11-10 00:00:00
f737a6dacc2e06d1648659431e578192401bde93dbc221ae584a39de4ab4cc56,2017-12-06 00:00:00,2017-12-08 00:00:00
f7b5659b967ec07fd015f013f40c2f3fb391e0a01bd025602ad0eb73ffba1d95,2017-04-19 00:00:00,2017-04-21 00:00:00
f85d4f580a90f8bf4758d75ba861f6c2e32c8e1e77a260852afe4300c5de338e,2018-12-14 00:00:00,2018-12-16 00:00:00
f88f8846def27f6667bc85f60df3d00a7ec75a13906adbc9c54f4e2b62bd72de,2017-02-14 00:00:00,2017-02-17 00:00:00
f8abe9eef505e60a5e6ca1ecacc28d406b068fd2673abbd24089e008876c113a,2017-01-24 00:00:00,2017-01-27 00:00:00
f8ae05f4f8d137c626f0d8caa73ffe91598cd8c9eaef61482bf28be6200f4211,2019-03-07 00:00:00,2019-03-10 00:00:00
f8f4e7daf7fd6f154d5dfbfa998ae237532289e0df494fddc51a268433210e05,2018-11-12 00:00:00,2018-11-14 00:00:00
f908e6e66cda18a34c9ead5710a5749ad62659fd9cafac4db8ae6f58d5f87fc8,2017-10-30 00:00:00,2017-11-01 00:00:00
f91963de5ab6a3b49eceef5bb7c7f8f0b83b745d9e33902d18b586cf542f8b3b,2017-03-23 00:00:00,2017-03-25 00:00:00
f985d273ed016038c9c6d0e70168430c91f601f378497f82cea71ec3a0c3a444,2018-04-15 00:00:00,2018-04-17 00:00:00
fa3e85291e03e155286b0f9b9aea862cff1b996f41294fcbb0f1f9a9df087bb3,2019-02-09 00:00:00,2019-02-11 00:00:00
fa96df793a93d22484ee49db0c798eb8beafe179ab42a252d7d1bd5e823165be,2018-04-05 00:00:00,2018-04-07 00:00:00
fb1f6e18afc47971aa607401e318569f4b5cf94ceade295ccca7606089045d4f,2017-07-27 00:00:00,2017-07-29 00:00:00
fb4a2936f095b73cf068a294a68804b9155494946dab02a087e700084fc0deea,2018-12-17 00:00:00,2018-12-19 00:00:00
fb928b83f0c7b6192336feed900f7c7abbd4669826f3338e37fcd5d1a134ac55,2017-10-09 00:00:00,2017-10-11 00:00:00
fbbe0f690caa5224db323e0272001bceb64f8cf647fedf456b20ef86f5db9e57,2019-03-04 00:00:00,2019-03-07 00:00:00
fbe7519a74506b3eb97840271e9453c3023eece2b77aaae835cfaafcbd10bc55,2017-03-21 00:00:00,2017-03-23 00:00:00
fc1ca9b575d271ed341ffbcfca308d7775ec599aca2b51416a0bfa5c8b750336,2019-01-19 00:00:00,2019-01-21 00:00:00
fc1fe8c4b9c0f23134b5e7758bbaf0434a38af7f3465e269ea17ec7cdab0ec2b,2018-06-19 00:00:00,2018-06-21 00:00:00
fe00a2ea656117bda2c044497efc355d1649cf3be303191efbff034a3340c001,2018-03-16 00:00:00,2018-03-18 00:00:00
fe4a4f2d9d37ac0f61810051e270afd33884ddd76dc37e125fec3f0acd1bafe4,2017-12-31 00:00:00,2018-01-02 00:00:00
